292,292,287,292,287,292,287,292,292,292,292,287,287,292,287,292,287,292,292,287,292,292,292,292,287,287,287,287,292,292,287,292,287,292,287,287,287,287,292,287,287,287,287,292,287,292,287,292,292,292,287,287,287,287,287,287,287,287,292,287,287,292,287,287,287,287,287,292,292,287,292,292,287,292,292,287,287,292,287,292,287,292,292,287,292,287,287,287,287,287,292,292,287,292,287,287,292,287,292,292,287,287,292,287,287,287,292,287,292,287,292,292,287,292,287,292,287,287,287
292,292,287,292,287,292,287,292,292,292,292,287,287,292,287,292,287,292,292,287,292,292,292,292,287,287,287,287,292,292,287,292,287,292,287,287,287,287,292,287,287,287,287,292,287,292,287,292,292,292,287,287,287,287,287,287,287,287,292,287,287,292,287,287,287,287,287,292,292,287,292,292,287,292,292,287,287,292,287,292,287,292,292,287,292,287,287,287,287,287,292,292,287,292,287,287,292,287,292,292,287,287,292,287,287,287,292,287,292,287,292,292,287,292,287,292,287,287,287
292,292,287,292,287,292,287,292,292,292,292,287,287,292,287,292,287,292,292,287,292,292,292,292,287,287,287,287,292,292,287,292,287,292,287,287,287,287,292,287,287,287,287,292,287,292,287,292,292,292,287,287,287,287,287,287,287,287,292,287,287,292,287,287,287,287,287,292,292,287,292,292,287,292,292,287,287,292,287,292,287,292,292,287,292,287,287,287,287,287,292,292,287,292,287,287,292,287,292,292,287,287,292,287,287,287,292,287,292,287,292,292,287,292,287,292,287,287,287
292,292,287,292,287,292,287,292,292,292,292,287,287,292,287,292,287,292,292,287,292,292,292,292,287,287,287,287,292,292,287,292,287,292,287,287,287,287,292,287,287,287,287,292,287,292,287,292,292,292,287,287,287,287,287,287,287,287,292,287,287,292,287,287,287,287,287,292,292,287,292,292,287,292,292,287,287,292,287,292,287,292,292,287,292,287,287,287,287,287,292,292,287,292,287,287,292,287,292,292,287,287,292,287,287,287,292,287,292,287,292,292,287,292,287,292,287,287,287
292,292,287,292,287,292,287,292,292,292,292,287,287,292,287,292,287,292,292,287,292,292,292,292,287,287,287,287,292,292,287,292,287,292,287,287,287,287,292,287,287,287,287,292,287,292,287,292,292,292,287,287,287,287,287,287,287,287,292,287,287,292,287,287,287,287,287,292,292,287,292,292,287,292,292,287,287,292,287,292,287,292,292,287,292,287,287,287,287,287,292,292,287,292,287,287,292,287,292,292,287,287,292,287,287,287,292,287,292,287,292,292,287,292,287,292,287,287,287
292,292,287,292,287,292,287,292,292,292,292,287,287,292,287,292,287,292,292,287,292,292,292,292,287,287,287,287,292,292,287,292,287,292,287,287,287,287,292,287,287,287,287,292,287,292,287,292,292,292,287,287,287,287,287,287,287,287,292,287,287,292,287,287,287,287,287,292,292,287,292,292,287,292,292,287,287,292,287,292,287,292,292,287,292,287,287,287,287,287,292,292,287,292,287,287,292,287,292,292,287,287,292,287,287,287,292,287,292,287,292,292,287,292,287,292,287,287,287
292,292,287,292,287,292,287,292,292,292,292,287,287,292,287,292,287,292,292,287,292,292,292,292,287,287,287,287,292,292,287,292,287,292,287,287,287,287,292,287,287,287,287,292,287,292,287,292,292,292,287,287,287,287,287,287,287,287,292,287,287,292,287,287,287,287,287,292,292,287,292,292,287,292,292,287,287,292,287,292,287,292,292,287,292,287,287,287,287,287,292,292,287,292,287,287,292,287,292,292,287,287,292,287,287,287,292,287,292,287,292,292,287,292,287,292,287,287,287
292,292,287,292,287,292,287,292,292,292,292,287,287,292,287,292,287,292,292,287,292,292,292,292,287,287,287,287,292,292,287,292,287,292,287,287,287,287,292,287,287,287,287,292,287,292,287,292,292,292,287,287,287,287,287,287,287,287,292,287,287,292,287,287,287,287,287,292,292,287,292,292,287,292,292,287,287,292,287,292,287,292,292,287,292,287,287,287,287,287,292,292,287,292,287,287,292,287,292,292,287,287,292,287,287,287,292,287,292,287,292,292,287,292,287,292,287,287,287
292,292,287,292,287,292,287,292,292,292,292,287,287,292,287,292,287,292,292,287,292,292,292,292,287,287,287,287,292,292,287,292,287,292,287,287,287,287,292,287,287,287,287,292,287,292,287,292,292,292,287,287,287,287,287,287,287,287,292,287,287,292,287,287,287,287,287,292,292,287,292,292,287,292,292,287,287,292,287,292,287,292,292,287,292,287,287,287,287,287,292,292,287,292,287,287,292,287,292,292,287,287,292,287,287,287,292,287,292,287,292,292,287,292,287,292,287,287,287
292,292,287,292,287,292,287,292,292,292,292,287,287,292,287,292,287,292,292,287,292,292,292,292,287,287,287,287,292,292,287,292,287,292,287,287,287,287,292,287,287,287,287,292,287,292,287,292,292,292,287,287,287,287,287,287,287,287,292,287,287,292,287,287,287,287,287,292,292,287,292,292,287,292,292,287,287,292,287,292,287,292,292,287,292,287,287,287,287,287,292,292,287,292,287,287,292,287,292,292,287,287,292,287,287,287,292,287,292,287,292,292,287,292,287,292,287,287,287
292,292,287,292,287,292,287,292,292,292,292,287,287,292,287,292,287,292,292,287,292,292,292,292,287,287,287,287,292,292,287,292,287,292,287,287,287,287,292,287,287,287,287,292,287,292,287,292,292,292,287,287,287,287,287,287,287,287,292,287,287,292,287,287,287,287,287,292,292,287,292,292,287,292,292,287,287,292,287,292,287,292,292,287,292,287,287,287,287,287,292,292,287,292,287,287,292,287,292,292,287,287,292,287,287,287,292,287,292,287,292,292,287,292,287,292,287,287,287
292,292,287,292,287,292,287,292,292,292,292,287,287,292,287,292,287,292,292,287,292,292,292,292,287,287,287,287,292,292,287,292,287,292,287,287,287,287,292,287,287,287,287,292,287,292,287,292,292,292,287,287,287,287,287,287,287,287,292,287,287,292,287,287,287,287,287,292,292,287,292,292,287,292,292,287,287,292,287,292,287,292,292,287,292,287,287,287,287,287,292,292,287,292,287,287,292,287,292,292,287,287,292,287,287,287,292,287,292,287,292,292,287,292,287,292,287,287,287
292,292,287,292,287,292,287,292,292,292,292,287,287,292,287,292,287,292,292,287,292,292,292,292,287,287,287,287,292,292,287,292,287,292,287,287,287,287,292,287,287,287,287,292,287,292,287,292,292,292,287,287,287,287,287,287,287,287,292,287,287,292,287,287,287,287,287,292,292,287,292,292,287,292,292,287,287,292,287,292,287,292,292,287,292,287,287,287,287,287,292,292,287,292,287,287,292,287,292,292,287,287,292,287,287,287,292,287,292,287,292,292,287,292,287,292,287,287,287
292,292,287,292,287,292,287,292,292,292,292,287,287,292,287,292,287,292,292,287,292,292,292,292,287,287,287,287,292,292,287,292,287,292,287,287,287,287,292,287,287,287,287,292,287,292,287,292,292,292,287,287,287,287,287,287,287,287,292,287,287,292,287,287,287,287,287,292,292,287,292,292,287,292,292,287,287,292,287,292,287,292,292,287,292,287,287,287,287,287,292,292,287,292,287,287,292,287,292,292,287,287,292,287,287,287,292,287,292,287,292,292,287,292,287,292,287,287,287
292,292,287,292,287,292,287,292,292,292,292,287,287,292,287,292,287,292,292,287,292,292,292,292,287,287,287,287,292,292,287,292,287,292,287,287,287,287,292,287,287,287,287,292,287,292,287,292,292,292,287,287,287,287,287,287,287,287,292,287,287,292,287,287,287,287,287,292,292,287,292,292,287,292,292,287,287,292,287,292,287,292,292,287,292,287,287,287,287,287,292,292,287,292,287,287,292,287,292,292,287,287,292,287,287,287,292,287,292,287,292,292,287,292,287,292,287,287,287
292,292,287,292,287,292,287,292,292,292,292,287,287,292,287,292,287,292,292,287,292,292,292,292,287,287,287,287,292,292,287,292,287,292,287,287,287,287,292,287,287,287,287,292,287,292,287,292,292,292,287,287,287,287,287,287,287,287,292,287,287,292,287,287,287,287,287,292,292,287,292,292,287,292,292,287,287,292,287,292,287,292,292,287,292,287,287,287,287,287,292,292,287,292,287,287,292,287,292,292,287,287,292,287,287,287,292,287,292,287,292,292,287,292,287,292,287,287,287
292,292,287,292,287,292,287,292,292,292,292,287,287,292,287,292,287,292,292,287,292,292,292,292,287,287,287,287,292,292,287,292,287,292,287,287,287,287,292,287,287,287,287,292,287,292,287,292,292,292,287,287,287,287,287,287,287,287,292,287,287,292,287,287,287,287,287,292,292,287,292,292,287,292,292,287,287,292,287,292,287,292,292,287,292,287,287,287,287,287,292,292,287,292,287,287,292,287,292,292,287,287,292,287,287,287,292,287,292,287,292,292,287,292,287,292,287,287,287
292,292,287,292,287,292,287,292,292,292,292,287,287,292,287,292,287,292,292,287,292,292,292,292,287,287,287,287,292,292,287,292,287,292,287,287,287,287,292,287,287,287,287,292,287,292,287,292,292,292,287,287,287,287,287,287,287,287,292,287,287,292,287,287,287,287,287,292,292,287,292,292,287,292,292,287,287,292,287,292,287,292,292,287,292,287,287,287,287,287,292,292,287,292,287,287,292,287,292,292,287,287,292,287,287,287,292,287,292,287,292,292,287,292,287,292,287,287,287
292,292,287,292,287,292,287,292,292,292,292,287,287,292,287,292,287,292,292,287,292,292,292,292,287,287,287,287,292,292,287,292,287,292,287,287,287,287,292,287,287,287,287,292,287,292,287,292,292,292,287,287,287,287,287,287,287,287,292,287,287,292,287,287,287,287,287,292,292,287,292,292,287,292,292,287,287,292,287,292,287,292,292,287,292,287,287,287,287,287,292,292,287,292,287,287,292,287,292,292,287,287,292,287,287,287,292,287,292,287,292,292,287,292,287,292,287,287,287
292,292,287,292,287,292,287,292,292,292,292,287,287,292,287,292,287,292,292,287,292,292,292,292,287,287,287,287,292,292,287,292,287,292,287,287,287,287,292,287,287,287,287,292,287,292,287,292,292,292,287,287,287,287,287,287,287,287,292,287,287,292,287,287,287,287,287,292,292,287,292,292,287,292,292,287,287,292,287,292,287,292,292,287,292,287,287,287,287,287,292,292,287,292,287,287,292,287,292,292,287,287,292,287,287,287,292,287,292,287,292,292,287,292,287,292,287,287,287
292,292,287,292,287,292,287,292,292,292,292,287,287,292,287,292,287,292,292,287,292,292,292,292,287,287,287,287,292,292,287,292,287,292,287,287,287,287,292,287,287,287,287,292,287,292,287,292,292,292,287,287,287,287,287,287,287,287,292,287,287,292,287,287,287,287,287,292,292,287,292,292,287,292,292,287,287,292,287,292,287,292,292,287,292,287,287,287,287,287,292,292,287,292,287,287,292,287,292,292,287,287,292,287,287,287,292,287,292,287,292,292,287,292,287,292,287,287,287
292,292,287,292,287,292,287,292,292,292,292,287,287,292,287,292,287,292,292,287,292,292,292,292,287,287,287,287,292,292,287,292,287,292,287,287,287,287,292,287,287,287,287,292,287,292,287,292,292,292,287,287,287,287,287,287,287,287,292,287,287,292,287,287,287,287,287,292,292,287,292,292,287,292,292,287,287,292,287,292,287,292,292,287,292,287,287,287,287,287,292,292,287,292,287,287,292,287,292,292,287,287,292,287,287,287,292,287,292,287,292,292,287,292,287,292,287,287,287
578,578,573,578,573,578,573,578,578,578,578,573,573,578,573,578,573,578,578,573,578,578,578,578,573,573,573,573,578,578,573,578,573,578,573,573,573,573,578,573,573,573,573,578,573,578,573,578,578,578,573,573,573,573,573,573,573,573,578,573,573,578,573,573,573,573,573,578,578,573,578,578,573,578,578,573,573,578,573,578,573,578,578,573,578,573,573,573,573,573,578,578,573,578,573,573,578,573,578,578,573,573,578,573,573,573,578,573,578,573,578,578,573,578,573,578,573,573,573
578,578,573,578,573,578,573,578,578,578,578,573,573,578,573,578,573,578,578,573,578,578,578,578,573,573,573,573,578,578,573,578,573,578,573,573,573,573,578,573,573,573,573,578,573,578,573,578,578,578,573,573,573,573,573,573,573,573,578,573,573,578,573,573,573,573,573,578,578,573,578,578,573,578,578,573,573,578,573,578,573,578,578,573,578,573,573,573,573,573,578,578,573,578,573,573,578,573,578,578,573,573,578,573,573,573,578,573,578,573,578,578,573,578,573,578,573,573,573
578,578,573,578,573,578,573,578,578,578,578,573,573,578,573,578,573,578,578,573,578,578,578,578,573,573,573,573,578,578,573,578,573,578,573,573,573,573,578,573,573,573,573,578,573,578,573,578,578,578,573,573,573,573,573,573,573,573,578,573,573,578,573,573,573,573,573,578,578,573,578,578,573,578,578,573,573,578,573,578,573,578,578,573,578,573,573,573,573,573,578,578,573,578,573,573,578,573,578,578,573,573,578,573,573,573,578,573,578,573,578,578,573,578,573,578,573,573,573
578,578,573,578,573,578,573,578,578,578,578,573,573,578,573,578,573,578,578,573,578,578,578,578,573,573,573,573,578,578,573,578,573,578,573,573,573,573,578,573,573,573,573,578,573,578,573,578,578,578,573,573,573,573,573,573,573,573,578,573,573,578,573,573,573,573,573,578,578,573,578,578,573,578,578,573,573,578,573,578,573,578,578,573,578,573,573,573,573,573,578,578,573,578,573,573,578,573,578,578,573,573,578,573,573,573,578,573,578,573,578,578,573,578,573,578,573,573,573
578,578,573,578,573,578,573,578,578,578,578,573,573,578,573,578,573,578,578,573,578,578,578,578,573,573,573,573,578,578,573,578,573,578,573,573,573,573,578,573,573,573,573,578,573,578,573,578,578,578,573,573,573,573,573,573,573,573,578,573,573,578,573,573,573,573,573,578,578,573,578,578,573,578,578,573,573,578,573,578,573,578,578,573,578,573,573,573,573,573,578,578,573,578,573,573,578,573,578,578,573,573,578,573,573,573,578,573,578,573,578,578,573,578,573,578,573,573,573
578,578,573,578,573,578,573,578,578,578,578,573,573,578,573,578,573,578,578,573,578,578,578,578,573,573,573,573,578,578,573,578,573,578,573,573,573,573,578,573,573,573,573,578,573,578,573,578,578,578,573,573,573,573,573,573,573,573,578,573,573,578,573,573,573,573,573,578,578,573,578,578,573,578,578,573,573,578,573,578,573,578,578,573,578,573,573,573,573,573,578,578,573,578,573,573,578,573,578,578,573,573,578,573,573,573,578,573,578,573,578,578,573,578,573,578,573,573,573
578,578,573,578,573,578,573,578,578,578,578,573,573,578,573,578,573,578,578,573,578,578,578,578,573,573,573,573,578,578,573,578,573,578,573,573,573,573,578,573,573,573,573,578,573,578,573,578,578,578,573,573,573,573,573,573,573,573,578,573,573,578,573,573,573,573,573,578,578,573,578,578,573,578,578,573,573,578,573,578,573,578,578,573,578,573,573,573,573,573,578,578,573,578,573,573,578,573,578,578,573,573,578,573,573,573,578,573,578,573,578,578,573,578,573,578,573,573,573
578,578,573,578,573,578,573,578,578,578,578,573,573,578,573,578,573,578,578,573,578,578,578,578,573,573,573,573,578,578,573,578,573,578,573,573,573,573,578,573,573,573,573,578,573,578,573,578,578,578,573,573,573,573,573,573,573,573,578,573,573,578,573,573,573,573,573,578,578,573,578,578,573,578,578,573,573,578,573,578,573,578,578,573,578,573,573,573,573,573,578,578,573,578,573,573,578,573,578,578,573,573,578,573,573,573,578,573,578,573,578,578,573,578,573,578,573,573,573
578,578,573,578,573,578,573,578,578,578,578,573,573,578,573,578,573,578,578,573,578,578,578,578,573,573,573,573,578,578,573,578,573,578,573,573,573,573,578,573,573,573,573,578,573,578,573,578,578,578,573,573,573,573,573,573,573,573,578,573,573,578,573,573,573,573,573,578,578,573,578,578,573,578,578,573,573,578,573,578,573,578,578,573,578,573,573,573,573,573,578,578,573,578,573,573,578,573,578,578,573,573,578,573,573,573,578,573,578,573,578,578,573,578,573,578,573,573,573
578,578,573,578,573,578,573,578,578,578,578,573,573,578,573,578,573,578,578,573,578,578,578,578,573,573,573,573,578,578,573,578,573,578,573,573,573,573,578,573,573,573,573,578,573,578,573,578,578,578,573,573,573,573,573,573,573,573,578,573,573,578,573,573,573,573,573,578,578,573,578,578,573,578,578,573,573,578,573,578,573,578,578,573,578,573,573,573,573,573,578,578,573,578,573,573,578,573,578,578,573,573,578,573,573,573,578,573,578,573,578,578,573,578,573,578,573,573,573
578,578,573,578,573,578,573,578,578,578,578,573,573,578,573,578,573,578,578,573,578,578,578,578,573,573,573,573,578,578,573,578,573,578,573,573,573,573,578,573,573,573,573,578,573,578,573,578,578,578,573,573,573,573,573,573,573,573,578,573,573,578,573,573,573,573,573,578,578,573,578,578,573,578,578,573,573,578,573,578,573,578,578,573,578,573,573,573,573,573,578,578,573,578,573,573,578,573,578,578,573,573,578,573,573,573,578,573,578,573,578,578,573,578,573,578,573,573,573
578,578,573,578,573,578,573,578,578,578,578,573,573,578,573,578,573,578,578,573,578,578,578,578,573,573,573,573,578,578,573,578,573,578,573,573,573,573,578,573,573,573,573,578,573,578,573,578,578,578,573,573,573,573,573,573,573,573,578,573,573,578,573,573,573,573,573,578,578,573,578,578,573,578,578,573,573,578,573,578,573,578,578,573,578,573,573,573,573,573,578,578,573,578,573,573,578,573,578,578,573,573,578,573,573,573,578,573,578,573,578,578,573,578,573,578,573,573,573
578,578,573,578,573,578,573,578,578,578,578,573,573,578,573,578,573,578,578,573,578,578,578,578,573,573,573,573,578,578,573,578,573,578,573,573,573,573,578,573,573,573,573,578,573,578,573,578,578,578,573,573,573,573,573,573,573,573,578,573,573,578,573,573,573,573,573,578,578,573,578,578,573,578,578,573,573,578,573,578,573,578,578,573,578,573,573,573,573,573,578,578,573,578,573,573,578,573,578,578,573,573,578,573,573,573,578,573,578,573,578,578,573,578,573,578,573,573,573
578,578,573,578,573,578,573,578,578,578,578,573,573,578,573,578,573,578,578,573,578,578,578,578,573,573,573,573,578,578,573,578,573,578,573,573,573,573,578,573,573,573,573,578,573,578,573,578,578,578,573,573,573,573,573,573,573,573,578,573,573,578,573,573,573,573,573,578,578,573,578,578,573,578,578,573,573,578,573,578,573,578,578,573,578,573,573,573,573,573,578,578,573,578,573,573,578,573,578,578,573,573,578,573,573,573,578,573,578,573,578,578,573,578,573,578,573,573,573
578,578,573,578,573,578,573,578,578,578,578,573,573,578,573,578,573,578,578,573,578,578,578,578,573,573,573,573,578,578,573,578,573,578,573,573,573,573,578,573,573,573,573,578,573,578,573,578,578,578,573,573,573,573,573,573,573,573,578,573,573,578,573,573,573,573,573,578,578,573,578,578,573,578,578,573,573,578,573,578,573,578,578,573,578,573,573,573,573,573,578,578,573,578,573,573,578,573,578,578,573,573,578,573,573,573,578,573,578,573,578,578,573,578,573,578,573,573,573
578,578,573,578,573,578,573,578,578,578,578,573,573,578,573,578,573,578,578,573,578,578,578,578,573,573,573,573,578,578,573,578,573,578,573,573,573,573,578,573,573,573,573,578,573,578,573,578,578,578,573,573,573,573,573,573,573,573,578,573,573,578,573,573,573,573,573,578,578,573,578,578,573,578,578,573,573,578,573,578,573,578,578,573,578,573,573,573,573,573,578,578,573,578,573,573,578,573,578,578,573,573,578,573,573,573,578,573,578,573,578,578,573,578,573,578,573,573,573
578,578,573,578,573,578,573,578,578,578,578,573,573,578,573,578,573,578,578,573,578,578,578,578,573,573,573,573,578,578,573,578,573,578,573,573,573,573,578,573,573,573,573,578,573,578,573,578,578,578,573,573,573,573,573,573,573,573,578,573,573,578,573,573,573,573,573,578,578,573,578,578,573,578,578,573,573,578,573,578,573,578,578,573,578,573,573,573,573,573,578,578,573,578,573,573,578,573,578,578,573,573,578,573,573,573,578,573,578,573,578,578,573,578,573,578,573,573,573
578,578,573,578,573,578,573,578,578,578,578,573,573,578,573,578,573,578,578,573,578,578,578,578,573,573,573,573,578,578,573,578,573,578,573,573,573,573,578,573,573,573,573,578,573,578,573,578,578,578,573,573,573,573,573,573,573,573,578,573,573,578,573,573,573,573,573,578,578,573,578,578,573,578,578,573,573,578,573,578,573,578,578,573,578,573,573,573,573,573,578,578,573,578,573,573,578,573,578,578,573,573,578,573,573,573,578,573,578,573,578,578,573,578,573,578,573,573,573
578,578,573,578,573,578,573,578,578,578,578,573,573,578,573,578,573,578,578,573,578,578,578,578,573,573,573,573,578,578,573,578,573,578,573,573,573,573,578,573,573,573,573,578,573,578,573,578,578,578,573,573,573,573,573,573,573,573,578,573,573,578,573,573,573,573,573,578,578,573,578,578,573,578,578,573,573,578,573,578,573,578,578,573,578,573,573,573,573,573,578,578,573,578,573,573,578,573,578,578,573,573,578,573,573,573,578,573,578,573,578,578,573,578,573,578,573,573,573
578,578,573,578,573,578,573,578,578,578,578,573,573,578,573,578,573,578,578,573,578,578,578,578,573,573,573,573,578,578,573,578,573,578,573,573,573,573,578,573,573,573,573,578,573,578,573,578,578,578,573,573,573,573,573,573,573,573,578,573,573,578,573,573,573,573,573,578,578,573,578,578,573,578,578,573,573,578,573,578,573,578,578,573,578,573,573,573,573,573,578,578,573,578,573,573,578,573,578,578,573,573,578,573,573,573,578,573,578,573,578,578,573,578,573,578,573,573,573
578,578,573,578,573,578,573,578,578,578,578,573,573,578,573,578,573,578,578,573,578,578,578,578,573,573,573,573,578,578,573,578,573,578,573,573,573,573,578,573,573,573,573,578,573,578,573,578,578,578,573,573,573,573,573,573,573,573,578,573,573,578,573,573,573,573,573,578,578,573,578,578,573,578,578,573,573,578,573,578,573,578,578,573,578,573,573,573,573,573,578,578,573,578,573,573,578,573,578,578,573,573,578,573,573,573,578,573,578,573,578,578,573,578,573,578,573,573,573
578,578,573,578,573,578,573,578,578,578,578,573,573,578,573,578,573,578,578,573,578,578,578,578,573,573,573,573,578,578,573,578,573,578,573,573,573,573,578,573,573,573,573,578,573,578,573,578,578,578,573,573,573,573,573,573,573,573,578,573,573,578,573,573,573,573,573,578,578,573,578,578,573,578,578,573,573,578,573,578,573,578,578,573,578,573,573,573,573,573,578,578,573,578,573,573,578,573,578,578,573,573,578,573,573,573,578,573,578,573,578,578,573,578,573,578,573,573,573
578,578,573,578,573,578,573,578,578,578,578,573,573,578,573,578,573,578,578,573,578,578,578,578,573,573,573,573,578,578,573,578,573,578,573,573,573,573,578,573,573,573,573,578,573,578,573,578,578,578,573,573,573,573,573,573,573,573,578,573,573,578,573,573,573,573,573,578,578,573,578,578,573,578,578,573,573,578,573,578,573,578,578,573,578,573,573,573,573,573,578,578,573,578,573,573,578,573,578,578,573,573,578,573,573,573,578,573,578,573,578,578,573,578,573,578,573,573,573
578,578,573,578,573,578,573,578,578,578,578,573,573,578,573,578,573,578,578,573,578,578,578,578,573,573,573,573,578,578,573,578,573,578,573,573,573,573,578,573,573,573,573,578,573,578,573,578,578,578,573,573,573,573,573,573,573,573,578,573,573,578,573,573,573,573,573,578,578,573,578,578,573,578,578,573,573,578,573,578,573,578,578,573,578,573,573,573,573,573,578,578,573,578,573,573,578,573,578,578,573,573,578,573,573,573,578,573,578,573,578,578,573,578,573,578,573,573,573
578,578,573,578,573,578,573,578,578,578,578,573,573,578,573,578,573,578,578,573,578,578,578,578,573,573,573,573,578,578,573,578,573,578,573,573,573,573,578,573,573,573,573,578,573,578,573,578,578,578,573,573,573,573,573,573,573,573,578,573,573,578,573,573,573,573,573,578,578,573,578,578,573,578,578,573,573,578,573,578,573,578,578,573,578,573,573,573,573,573,578,578,573,578,573,573,578,573,578,578,573,573,578,573,573,573,578,573,578,573,578,578,573,578,573,578,573,573,573
578,578,573,578,573,578,573,578,578,578,578,573,573,578,573,578,573,578,578,573,578,578,578,578,573,573,573,573,578,578,573,578,573,578,573,573,573,573,578,573,573,573,573,578,573,578,573,578,578,578,573,573,573,573,573,573,573,573,578,573,573,578,573,573,573,573,573,578,578,573,578,578,573,578,578,573,573,578,573,578,573,578,578,573,578,573,573,573,573,573,578,578,573,578,573,573,578,573,578,578,573,573,578,573,573,573,578,573,578,573,578,578,573,578,573,578,573,573,573
578,578,573,578,573,578,573,578,578,578,578,573,573,578,573,578,573,578,578,573,578,578,578,578,573,573,573,573,578,578,573,578,573,578,573,573,573,573,578,573,573,573,573,578,573,578,573,578,578,578,573,573,573,573,573,573,573,573,578,573,573,578,573,573,573,573,573,578,578,573,578,578,573,578,578,573,573,578,573,578,573,578,578,573,578,573,573,573,573,573,578,578,573,578,573,573,578,573,578,578,573,573,578,573,573,573,578,573,578,573,578,578,573,578,573,578,573,573,573
578,578,573,578,573,578,573,578,578,578,578,573,573,578,573,578,573,578,578,573,578,578,578,578,573,573,573,573,578,578,573,578,573,578,573,573,573,573,578,573,573,573,573,578,573,578,573,578,578,578,573,573,573,573,573,573,573,573,578,573,573,578,573,573,573,573,573,578,578,573,578,578,573,578,578,573,573,578,573,578,573,578,578,573,578,573,573,573,573,573,578,578,573,578,573,573,578,573,578,578,573,573,578,573,573,573,578,573,578,573,578,578,573,578,573,578,573,573,573
578,578,573,578,573,578,573,578,578,578,578,573,573,578,573,578,573,578,578,573,578,578,578,578,573,573,573,573,578,578,573,578,573,578,573,573,573,573,578,573,573,573,573,578,573,578,573,578,578,578,573,573,573,573,573,573,573,573,578,573,573,578,573,573,573,573,573,578,578,573,578,578,573,578,578,573,573,578,573,578,573,578,578,573,578,573,573,573,573,573,578,578,573,578,573,573,578,573,578,578,573,573,578,573,573,573,578,573,578,573,578,578,573,578,573,578,573,573,573
578,578,573,578,573,578,573,578,578,578,578,573,573,578,573,578,573,578,578,573,578,578,578,578,573,573,573,573,578,578,573,578,573,578,573,573,573,573,578,573,573,573,573,578,573,578,573,578,578,578,573,573,573,573,573,573,573,573,578,573,573,578,573,573,573,573,573,578,578,573,578,578,573,578,578,573,573,578,573,578,573,578,578,573,578,573,573,573,573,573,578,578,573,578,573,573,578,573,578,578,573,573,578,573,573,573,578,573,578,573,578,578,573,578,573,578,573,573,573
578,578,573,578,573,578,573,578,578,578,578,573,573,578,573,578,573,578,578,573,578,578,578,578,573,573,573,573,578,578,573,578,573,578,573,573,573,573,578,573,573,573,573,578,573,578,573,578,578,578,573,573,573,573,573,573,573,573,578,573,573,578,573,573,573,573,573,578,578,573,578,578,573,578,578,573,573,578,573,578,573,578,578,573,578,573,573,573,573,573,578,578,573,578,573,573,578,573,578,578,573,573,578,573,573,573,578,573,578,573,578,578,573,578,573,578,573,573,573
578,578,573,578,573,578,573,578,578,578,578,573,573,578,573,578,573,578,578,573,578,578,578,578,573,573,573,573,578,578,573,578,573,578,573,573,573,573,578,573,573,573,573,578,573,578,573,578,578,578,573,573,573,573,573,573,573,573,578,573,573,578,573,573,573,573,573,578,578,573,578,578,573,578,578,573,573,578,573,578,573,578,578,573,578,573,573,573,573,573,578,578,573,578,573,573,578,573,578,578,573,573,578,573,573,573,578,573,578,573,578,578,573,578,573,578,573,573,573
578,578,573,578,573,578,573,578,578,578,578,573,573,578,573,578,573,578,578,573,578,578,578,578,573,573,573,573,578,578,573,578,573,578,573,573,573,573,578,573,573,573,573,578,573,578,573,578,578,578,573,573,573,573,573,573,573,573,578,573,573,578,573,573,573,573,573,578,578,573,578,578,573,578,578,573,573,578,573,578,573,578,578,573,578,573,573,573,573,573,578,578,573,578,573,573,578,573,578,578,573,573,578,573,573,573,578,573,578,573,578,578,573,578,573,578,573,573,573
578,578,573,578,573,578,573,578,578,578,578,573,573,578,573,578,573,578,578,573,578,578,578,578,573,573,573,573,578,578,573,578,573,578,573,573,573,573,578,573,573,573,573,578,573,578,573,578,578,578,573,573,573,573,573,573,573,573,578,573,573,578,573,573,573,573,573,578,578,573,578,578,573,578,578,573,573,578,573,578,573,578,578,573,578,573,573,573,573,573,578,578,573,578,573,573,578,573,578,578,573,573,578,573,573,573,578,573,578,573,578,578,573,578,573,578,573,573,573
578,578,573,578,573,578,573,578,578,578,578,573,573,578,573,578,573,578,578,573,578,578,578,578,573,573,573,573,578,578,573,578,573,578,573,573,573,573,578,573,573,573,573,578,573,578,573,578,578,578,573,573,573,573,573,573,573,573,578,573,573,578,573,573,573,573,573,578,578,573,578,578,573,578,578,573,573,578,573,578,573,578,578,573,578,573,573,573,573,573,578,578,573,578,573,573,578,573,578,578,573,573,578,573,573,573,578,573,578,573,578,578,573,578,573,578,573,573,573
578,578,573,578,573,578,573,578,578,578,578,573,573,578,573,578,573,578,578,573,578,578,578,578,573,573,573,573,578,578,573,578,573,578,573,573,573,573,578,573,573,573,573,578,573,578,573,578,578,578,573,573,573,573,573,573,573,573,578,573,573,578,573,573,573,573,573,578,578,573,578,578,573,578,578,573,573,578,573,578,573,578,578,573,578,573,573,573,573,573,578,578,573,578,573,573,578,573,578,578,573,573,578,573,573,573,578,573,578,573,578,578,573,578,573,578,573,573,573
578,578,573,578,573,578,573,578,578,578,578,573,573,578,573,578,573,578,578,573,578,578,578,578,573,573,573,573,578,578,573,578,573,578,573,573,573,573,578,573,573,573,573,578,573,578,573,578,578,578,573,573,573,573,573,573,573,573,578,573,573,578,573,573,573,573,573,578,578,573,578,578,573,578,578,573,573,578,573,578,573,578,578,573,578,573,573,573,573,573,578,578,573,578,573,573,578,573,578,578,573,573,578,573,573,573,578,573,578,573,578,578,573,578,573,578,573,573,573
578,578,573,578,573,578,573,578,578,578,578,573,573,578,573,578,573,578,578,573,578,578,578,578,573,573,573,573,578,578,573,578,573,578,573,573,573,573,578,573,573,573,573,578,573,578,573,578,578,578,573,573,573,573,573,573,573,573,578,573,573,578,573,573,573,573,573,578,578,573,578,578,573,578,578,573,573,578,573,578,573,578,578,573,578,573,573,573,573,573,578,578,573,578,573,573,578,573,578,578,573,573,578,573,573,573,578,573,578,573,578,578,573,578,573,578,573,573,573
578,578,573,578,573,578,573,578,578,578,578,573,573,578,573,578,573,578,578,573,578,578,578,578,573,573,573,573,578,578,573,578,573,578,573,573,573,573,578,573,573,573,573,578,573,578,573,578,578,578,573,573,573,573,573,573,573,573,578,573,573,578,573,573,573,573,573,578,578,573,578,578,573,578,578,573,573,578,573,578,573,578,578,573,578,573,573,573,573,573,578,578,573,578,573,573,578,573,578,578,573,573,578,573,573,573,578,573,578,573,578,578,573,578,573,578,573,573,573
578,578,573,578,573,578,573,578,578,578,578,573,573,578,573,578,573,578,578,573,578,578,578,578,573,573,573,573,578,578,573,578,573,578,573,573,573,573,578,573,573,573,573,578,573,578,573,578,578,578,573,573,573,573,573,573,573,573,578,573,573,578,573,573,573,573,573,578,578,573,578,578,573,578,578,573,573,578,573,578,573,578,578,573,578,573,573,573,573,573,578,578,573,578,573,573,578,573,578,578,573,573,578,573,573,573,578,573,578,573,578,578,573,578,573,578,573,573,573
578,578,573,578,573,578,573,578,578,578,578,573,573,578,573,578,573,578,578,573,578,578,578,578,573,573,573,573,578,578,573,578,573,578,573,573,573,573,578,573,573,573,573,578,573,578,573,578,578,578,573,573,573,573,573,573,573,573,578,573,573,578,573,573,573,573,573,578,578,573,578,578,573,578,578,573,573,578,573,578,573,578,578,573,578,573,573,573,573,573,578,578,573,578,573,573,578,573,578,578,573,573,578,573,573,573,578,573,578,573,578,578,573,578,573,578,573,573,573
578,578,573,578,573,578,573,578,578,578,578,573,573,578,573,578,573,578,578,573,578,578,578,578,573,573,573,573,578,578,573,578,573,578,573,573,573,573,578,573,573,573,573,578,573,578,573,578,578,578,573,573,573,573,573,573,573,573,578,573,573,578,573,573,573,573,573,578,578,573,578,578,573,578,578,573,573,578,573,578,573,578,578,573,578,573,573,573,573,573,578,578,573,578,573,573,578,573,578,578,573,573,578,573,573,573,578,573,578,573,578,578,573,578,573,578,573,573,573
578,578,573,578,573,578,573,578,578,578,578,573,573,578,573,578,573,578,578,573,578,578,578,578,573,573,573,573,578,578,573,578,573,578,573,573,573,573,578,573,573,573,573,578,573,578,573,578,578,578,573,573,573,573,573,573,573,573,578,573,573,578,573,573,573,573,573,578,578,573,578,578,573,578,578,573,573,578,573,578,573,578,578,573,578,573,573,573,573,573,578,578,573,578,573,573,578,573,578,578,573,573,578,573,573,573,578,573,578,573,578,578,573,578,573,578,573,573,573
578,578,573,578,573,578,573,578,578,578,578,573,573,578,573,578,573,578,578,573,578,578,578,578,573,573,573,573,578,578,573,578,573,578,573,573,573,573,578,573,573,573,573,578,573,578,573,578,578,578,573,573,573,573,573,573,573,573,578,573,573,578,573,573,573,573,573,578,578,573,578,578,573,578,578,573,573,578,573,578,573,578,578,573,578,573,573,573,573,573,578,578,573,578,573,573,578,573,578,578,573,573,578,573,573,573,578,573,578,573,578,578,573,578,573,578,573,573,573
578,578,573,578,573,578,573,578,578,578,578,573,573,578,573,578,573,578,578,573,578,578,578,578,573,573,573,573,578,578,573,578,573,578,573,573,573,573,578,573,573,573,573,578,573,578,573,578,578,578,573,573,573,573,573,573,573,573,578,573,573,578,573,573,573,573,573,578,578,573,578,578,573,578,578,573,573,578,573,578,573,578,578,573,578,573,573,573,573,573,578,578,573,578,573,573,578,573,578,578,573,573,578,573,573,573,578,573,578,573,578,578,573,578,573,578,573,573,573
865,865,860,865,860,865,860,865,865,865,865,860,860,865,860,865,860,865,865,860,865,865,865,865,860,860,860,860,865,865,860,865,860,865,860,860,860,860,865,860,860,860,860,865,860,865,860,865,865,865,860,860,860,860,860,860,860,860,865,860,860,865,860,860,860,860,860,865,865,860,865,865,860,865,865,860,860,865,860,865,860,865,865,860,865,860,860,860,860,860,865,865,860,865,860,860,865,860,865,865,860,860,865,860,860,860,865,860,865,860,865,865,860,865,860,865,860,860,860
865,865,860,865,860,865,860,865,865,865,865,860,860,865,860,865,860,865,865,860,865,865,865,865,860,860,860,860,865,865,860,865,860,865,860,860,860,860,865,860,860,860,860,865,860,865,860,865,865,865,860,860,860,860,860,860,860,860,865,860,860,865,860,860,860,860,860,865,865,860,865,865,860,865,865,860,860,865,860,865,860,865,865,860,865,860,860,860,860,860,865,865,860,865,860,860,865,860,865,865,860,860,865,860,860,860,865,860,865,860,865,865,860,865,860,865,860,860,860
865,865,860,865,860,865,860,865,865,865,865,860,860,865,860,865,860,865,865,860,865,865,865,865,860,860,860,860,865,865,860,865,860,865,860,860,860,860,865,860,860,860,860,865,860,865,860,865,865,865,860,860,860,860,860,860,860,860,865,860,860,865,860,860,860,860,860,865,865,860,865,865,860,865,865,860,860,865,860,865,860,865,865,860,865,860,860,860,860,860,865,865,860,865,860,860,865,860,865,865,860,860,865,860,860,860,865,860,865,860,865,865,860,865,860,865,860,860,860
865,865,860,865,860,865,860,865,865,865,865,860,860,865,860,865,860,865,865,860,865,865,865,865,860,860,860,860,865,865,860,865,860,865,860,860,860,860,865,860,860,860,860,865,860,865,860,865,865,865,860,860,860,860,860,860,860,860,865,860,860,865,860,860,860,860,860,865,865,860,865,865,860,865,865,860,860,865,860,865,860,865,865,860,865,860,860,860,860,860,865,865,860,865,860,860,865,860,865,865,860,860,865,860,860,860,865,860,865,860,865,865,860,865,860,865,860,860,860
865,865,860,865,860,865,860,865,865,865,865,860,860,865,860,865,860,865,865,860,865,865,865,865,860,860,860,860,865,865,860,865,860,865,860,860,860,860,865,860,860,860,860,865,860,865,860,865,865,865,860,860,860,860,860,860,860,860,865,860,860,865,860,860,860,860,860,865,865,860,865,865,860,865,865,860,860,865,860,865,860,865,865,860,865,860,860,860,860,860,865,865,860,865,860,860,865,860,865,865,860,860,865,860,860,860,865,860,865,860,865,865,860,865,860,865,860,860,860
865,865,860,865,860,865,860,865,865,865,865,860,860,865,860,865,860,865,865,860,865,865,865,865,860,860,860,860,865,865,860,865,860,865,860,860,860,860,865,860,860,860,860,865,860,865,860,865,865,865,860,860,860,860,860,860,860,860,865,860,860,865,860,860,860,860,860,865,865,860,865,865,860,865,865,860,860,865,860,865,860,865,865,860,865,860,860,860,860,860,865,865,860,865,860,860,865,860,865,865,860,860,865,860,860,860,865,860,865,860,865,865,860,865,860,865,860,860,860
865,865,860,865,860,865,860,865,865,865,865,860,860,865,860,865,860,865,865,860,865,865,865,865,860,860,860,860,865,865,860,865,860,865,860,860,860,860,865,860,860,860,860,865,860,865,860,865,865,865,860,860,860,860,860,860,860,860,865,860,860,865,860,860,860,860,860,865,865,860,865,865,860,865,865,860,860,865,860,865,860,865,865,860,865,860,860,860,860,860,865,865,860,865,860,860,865,860,865,865,860,860,865,860,860,860,865,860,865,860,865,865,860,865,860,865,860,860,860
865,865,860,865,860,865,860,865,865,865,865,860,860,865,860,865,860,865,865,860,865,865,865,865,860,860,860,860,865,865,860,865,860,865,860,860,860,860,865,860,860,860,860,865,860,865,860,865,865,865,860,860,860,860,860,860,860,860,865,860,860,865,860,860,860,860,860,865,865,860,865,865,860,865,865,860,860,865,860,865,860,865,865,860,865,860,860,860,860,860,865,865,860,865,860,860,865,860,865,865,860,860,865,860,860,860,865,860,865,860,865,865,860,865,860,865,860,860,860
865,865,860,865,860,865,860,865,865,865,865,860,860,865,860,865,860,865,865,860,865,865,865,865,860,860,860,860,865,865,860,865,860,865,860,860,860,860,865,860,860,860,860,865,860,865,860,865,865,865,860,860,860,860,860,860,860,860,865,860,860,865,860,860,860,860,860,865,865,860,865,865,860,865,865,860,860,865,860,865,860,865,865,860,865,860,860,860,860,860,865,865,860,865,860,860,865,860,865,865,860,860,865,860,860,860,865,860,865,860,865,865,860,865,860,865,860,860,860
865,865,860,865,860,865,860,865,865,865,865,860,860,865,860,865,860,865,865,860,865,865,865,865,860,860,860,860,865,865,860,865,860,865,860,860,860,860,865,860,860,860,860,865,860,865,860,865,865,865,860,860,860,860,860,860,860,860,865,860,860,865,860,860,860,860,860,865,865,860,865,865,860,865,865,860,860,865,860,865,860,865,865,860,865,860,860,860,860,860,865,865,860,865,860,860,865,860,865,865,860,860,865,860,860,860,865,860,865,860,865,865,860,865,860,865,860,860,860
865,865,860,865,860,865,860,865,865,865,865,860,860,865,860,865,860,865,865,860,865,865,865,865,860,860,860,860,865,865,860,865,860,865,860,860,860,860,865,860,860,860,860,865,860,865,860,865,865,865,860,860,860,860,860,860,860,860,865,860,860,865,860,860,860,860,860,865,865,860,865,865,860,865,865,860,860,865,860,865,860,865,865,860,865,860,860,860,860,860,865,865,860,865,860,860,865,860,865,865,860,860,865,860,860,860,865,860,865,860,865,865,860,865,860,865,860,860,860
865,865,860,865,860,865,860,865,865,865,865,860,860,865,860,865,860,865,865,860,865,865,865,865,860,860,860,860,865,865,860,865,860,865,860,860,860,860,865,860,860,860,860,865,860,865,860,865,865,865,860,860,860,860,860,860,860,860,865,860,860,865,860,860,860,860,860,865,865,860,865,865,860,865,865,860,860,865,860,865,860,865,865,860,865,860,860,860,860,860,865,865,860,865,860,860,865,860,865,865,860,860,865,860,860,860,865,860,865,860,865,865,860,865,860,865,860,860,860
865,865,860,865,860,865,860,865,865,865,865,860,860,865,860,865,860,865,865,860,865,865,865,865,860,860,860,860,865,865,860,865,860,865,860,860,860,860,865,860,860,860,860,865,860,865,860,865,865,865,860,860,860,860,860,860,860,860,865,860,860,865,860,860,860,860,860,865,865,860,865,865,860,865,865,860,860,865,860,865,860,865,865,860,865,860,860,860,860,860,865,865,860,865,860,860,865,860,865,865,860,860,865,860,860,860,865,860,865,860,865,865,860,865,860,865,860,860,860
865,865,860,865,860,865,860,865,865,865,865,860,860,865,860,865,860,865,865,860,865,865,865,865,860,860,860,860,865,865,860,865,860,865,860,860,860,860,865,860,860,860,860,865,860,865,860,865,865,865,860,860,860,860,860,860,860,860,865,860,860,865,860,860,860,860,860,865,865,860,865,865,860,865,865,860,860,865,860,865,860,865,865,860,865,860,860,860,860,860,865,865,860,865,860,860,865,860,865,865,860,860,865,860,860,860,865,860,865,860,865,865,860,865,860,865,860,860,860
865,865,860,865,860,865,860,865,865,865,865,860,860,865,860,865,860,865,865,860,865,865,865,865,860,860,860,860,865,865,860,865,860,865,860,860,860,860,865,860,860,860,860,865,860,865,860,865,865,865,860,860,860,860,860,860,860,860,865,860,860,865,860,860,860,860,860,865,865,860,865,865,860,865,865,860,860,865,860,865,860,865,865,860,865,860,860,860,860,860,865,865,860,865,860,860,865,860,865,865,860,860,865,860,860,860,865,860,865,860,865,865,860,865,860,865,860,860,860
865,865,860,865,860,865,860,865,865,865,865,860,860,865,860,865,860,865,865,860,865,865,865,865,860,860,860,860,865,865,860,865,860,865,860,860,860,860,865,860,860,860,860,865,860,865,860,865,865,865,860,860,860,860,860,860,860,860,865,860,860,865,860,860,860,860,860,865,865,860,865,865,860,865,865,860,860,865,860,865,860,865,865,860,865,860,860,860,860,860,865,865,860,865,860,860,865,860,865,865,860,860,865,860,860,860,865,860,865,860,865,865,860,865,860,865,860,860,860
865,865,860,865,860,865,860,865,865,865,865,860,860,865,860,865,860,865,865,860,865,865,865,865,860,860,860,860,865,865,860,865,860,865,860,860,860,860,865,860,860,860,860,865,860,865,860,865,865,865,860,860,860,860,860,860,860,860,865,860,860,865,860,860,860,860,860,865,865,860,865,865,860,865,865,860,860,865,860,865,860,865,865,860,865,860,860,860,860,860,865,865,860,865,860,860,865,860,865,865,860,860,865,860,860,860,865,860,865,860,865,865,860,865,860,865,860,860,860
865,865,860,865,860,865,860,865,865,865,865,860,860,865,860,865,860,865,865,860,865,865,865,865,860,860,860,860,865,865,860,865,860,865,860,860,860,860,865,860,860,860,860,865,860,865,860,865,865,865,860,860,860,860,860,860,860,860,865,860,860,865,860,860,860,860,860,865,865,860,865,865,860,865,865,860,860,865,860,865,860,865,865,860,865,860,860,860,860,860,865,865,860,865,860,860,865,860,865,865,860,860,865,860,860,860,865,860,865,860,865,865,860,865,860,865,860,860,860
865,865,860,865,860,865,860,865,865,865,865,860,860,865,860,865,860,865,865,860,865,865,865,865,860,860,860,860,865,865,860,865,860,865,860,860,860,860,865,860,860,860,860,865,860,865,860,865,865,865,860,860,860,860,860,860,860,860,865,860,860,865,860,860,860,860,860,865,865,860,865,865,860,865,865,860,860,865,860,865,860,865,865,860,865,860,860,860,860,860,865,865,860,865,860,860,865,860,865,865,860,860,865,860,860,860,865,860,865,860,865,865,860,865,860,865,860,860,860
865,865,860,865,860,865,860,865,865,865,865,860,860,865,860,865,860,865,865,860,865,865,865,865,860,860,860,860,865,865,860,865,860,865,860,860,860,860,865,860,860,860,860,865,860,865,860,865,865,865,860,860,860,860,860,860,860,860,865,860,860,865,860,860,860,860,860,865,865,860,865,865,860,865,865,860,860,865,860,865,860,865,865,860,865,860,860,860,860,860,865,865,860,865,860,860,865,860,865,865,860,860,865,860,860,860,865,860,865,860,865,865,860,865,860,865,860,860,860
865,865,860,865,860,865,860,865,865,865,865,860,860,865,860,865,860,865,865,860,865,865,865,865,860,860,860,860,865,865,860,865,860,865,860,860,860,860,865,860,860,860,860,865,860,865,860,865,865,865,860,860,860,860,860,860,860,860,865,860,860,865,860,860,860,860,860,865,865,860,865,865,860,865,865,860,860,865,860,865,860,865,865,860,865,860,860,860,860,860,865,865,860,865,860,860,865,860,865,865,860,860,865,860,860,860,865,860,865,860,865,865,860,865,860,865,860,860,860
865,865,860,865,860,865,860,865,865,865,865,860,860,865,860,865,860,865,865,860,865,865,865,865,860,860,860,860,865,865,860,865,860,865,860,860,860,860,865,860,860,860,860,865,860,865,860,865,865,865,860,860,860,860,860,860,860,860,865,860,860,865,860,860,860,860,860,865,865,860,865,865,860,865,865,860,860,865,860,865,860,865,865,860,865,860,860,860,860,860,865,865,860,865,860,860,865,860,865,865,860,860,865,860,860,860,865,860,865,860,865,865,860,865,860,865,860,860,860